{"cameraMode":{"drawMode":0,"name":"Shaded","section":"Shading Mode"},"sceneLighting":false,"audioPlay":false,"sceneViewState":{"showFog":true,"showMaterialUpdate":false,"showSkybox":true,"showFlares":true,"showImageEffects":true,"showParticleSystems":true},"in2DMode":false,"pivot":{"x":-0.9925599098205566,"y":0.03474617004394531,"z":-0.18813133239746095},"rotation":{"x":-0.19993974268436433,"y":-0.01117164921015501,"z":0.002280076965689659,"w":-0.9797418713569641},"size":4.218313694000244,"orthographic":false}